first_name,last_name,email
Emma,Johnson,emma.johnson.01@example.com
Marcus,Chen,marcus.chen.02@example.com
Sofia,Rodriguez,sofia.rodriguez.03@example.com
James,Wilson,james.wilson.04@example.com
Olivia,Martinez,olivia.martinez.05@example.com
Liam,Thompson,liam.thompson.06@example.com
Ava,Anderson,ava.anderson.07@example.com
Noah,Taylor,noah.taylor.08@example.com
Isabella,Thomas,isabella.thomas.09@example.com
Oliver,Jackson,oliver.jackson.10@example.com
Charlotte,White,charlotte.white.11@example.com
Elijah,Harris,elijah.harris.12@example.com
Amelia,Martin,amelia.martin.13@example.com
Lucas,Garcia,lucas.garcia.14@example.com
Mia,Lee,mia.lee.15@example.com
Mason,Walker,mason.walker.16@example.com
Harper,Hall,harper.hall.17@example.com
Ethan,Young,ethan.young.18@example.com
Evelyn,King,evelyn.king.19@example.com
Alexander,Wright,alexander.wright.20@example.com
Abigail,Lopez,abigail.lopez.21@example.com
Sebastian,Hill,sebastian.hill.22@example.com
Emily,Scott,emily.scott.23@example.com
Benjamin,Green,benjamin.green.24@example.com
Elizabeth,Adams,elizabeth.adams.25@example.com
Henry,Baker,henry.baker.26@example.com
Sofia,Gonzalez,sofia.gonzalez.27@example.com
Jack,Nelson,jack.nelson.28@example.com
Avery,Carter,avery.carter.29@example.com
Owen,Mitchell,owen.mitchell.30@example.com
Ella,Perez,ella.perez.31@example.com
Samuel,Roberts,samuel.roberts.32@example.com
Scarlett,Turner,scarlett.turner.33@example.com
William,Phillips,william.phillips.34@example.com
Grace,Campbell,grace.campbell.35@example.com
Daniel,Parker,daniel.parker.36@example.com
Chloe,Evans,chloe.evans.37@example.com
Joseph,Edwards,joseph.edwards.38@example.com
Victoria,Collins,victoria.collins.39@example.com
David,Stewart,david.stewart.40@example.com
Riley,Sanchez,riley.sanchez.41@example.com
Carter,Morris,carter.morris.42@example.com
Aria,Rogers,aria.rogers.43@example.com
Wyatt,Reed,wyatt.reed.44@example.com
Lily,Cook,lily.cook.45@example.com
John,Morgan,john.morgan.46@example.com
Zoey,Bell,zoey.bell.47@example.com
Luke,Murphy,luke.murphy.48@example.com
Penelope,Bailey,penelope.bailey.49@example.com
Gabriel,Rivera,gabriel.rivera.50@example.com
Layla,Cooper,layla.cooper.51@example.com
Anthony,Richardson,anthony.richardson.52@example.com
Nora,Cox,nora.cox.53@example.com
Isaac,Howard,isaac.howard.54@example.com
Camila,Ward,camila.ward.55@example.com
Dylan,Torres,dylan.torres.56@example.com
Hannah,Peterson,hannah.peterson.57@example.com
Leo,Gray,leo.gray.58@example.com
Addison,Ramirez,addison.ramirez.59@example.com
Lincoln,James,lincoln.james.60@example.com
Eleanor,Watson,eleanor.watson.61@example.com
Julian,Brooks,julian.brooks.62@example.com
Stella,Kelly,stella.kelly.63@example.com
Christopher,Sanders,christopher.sanders.64@example.com
Natalie,Price,natalie.price.65@example.com
Joshua,Bennett,joshua.bennett.66@example.com
Savannah,Wood,savannah.wood.67@example.com
Andrew,Barnes,andrew.barnes.68@example.com
Brooklyn,Ross,brooklyn.ross.69@example.com
Theodore,Henderson,theodore.henderson.70@example.com
Leah,Coleman,leah.coleman.71@example.com
Dominic,Jenkins,dominic.jenkins.72@example.com
Zoe,Perry,zoe.perry.73@example.com
Isaac,Powell,isaac.powell.74@example.com
Lillian,Long,lillian.long.75@example.com
Ryan,Patterson,ryan.patterson.76@example.com
Hazel,Hughes,hazel.hughes.77@example.com
